Id,SSN,Age,Salary,COVID Test Result,Pre-Existing Conditions,Recovery Time
0409,105-22-7328,50,82000,1,high blood pressure,4
0908,737-28-5583,55,73000,0,asthma,0
0533,186-56-6345,46,94000,1,asthma,6
0354,563-88-3187,42,54000,1,none,2
0937,717-85-3843,26,82000,0,none,0
0332,616-05-6087,57,92000,1,asthma,7
0499,666-70-6086,51,86000,1,asthma,7
0441,232-57-8606,53,53000,1,asthma,3
0512,514-20-1047,26,60000,1,none,2
0335,248-16-1882,19,62000,0,none,0
0520,237-07-6026,33,78000,0,high blood pressure,0
0754,545-53-6383,53,52000,0,asthma,0
0389,357-08-7500,49,77000,1,diabetes,6
0255,476-80-5012,48,73000,1,asthma,7
0978,466-32-4533,50,65000,1,diabetes,6
0137,547-11-6147,30,84000,1,high blood pressure,5
0036,802-73-4736,27,97000,0,none,0
0304,646-12-5787,35,53000,1,none,2
0292,214-87-8788,29,67000,1,none,2
0739,153-77-5565,39,82000,0,asthma,0
0413,064-55-8470,19,79000,1,none,2
0021,678-47-4265,21,102000,1,diabetes,7
0495,528-71-2322,21,85000,0,none,0
0630,734-56-8775,33,91000,0,none,0
0747,343-56-0410,30,52000,0,diabetes,0
0657,544-02-8563,20,53000,1,high blood pressure,6
0369,835-10-1802,18,52000,1,none,3
0275,425-61-8885,33,57000,0,none,0
0924,611-72-5211,42,67000,0,diabetes,0
0183,538-35-3528,43,98000,0,diabetes,0
0643,507-35-4387,49,98000,1,high blood pressure,5
0171,185-58-0316,58,89000,0,asthma,0
0421,480-66-8200,23,79000,0,none,0
0288,247-20-0585,32,59000,0,none,0
0610,127-33-4216,38,99000,1,none,3
0998,400-61-8478,22,68000,0,none,0
0328,084-26-2281,37,50000,0,none,0
0515,706-41-1213,56,101000,1,high blood pressure,6
0391,122-84-4706,56,67000,1,high blood pressure,4
0768,188-87-6378,36,58000,1,none,3
0376,843-78-8680,50,62000,1,none,2
0186,661-50-8280,29,68000,0,high blood pressure,0
0234,877-04-5755,53,57000,0,none,0
0841,133-61-0104,24,74000,0,none,0
0723,782-76-8666,18,72000,1,high blood pressure,7
0448,246-08-2485,21,54000,0,none,0
0104,024-23-7466,26,88000,1,asthma,6
0458,831-18-6660,27,73000,1,none,4
0845,637-10-0305,49,51000,1,asthma,7
0692,620-81-4633,46,45000,1,diabetes,5
0457,415-43-3650,42,95000,0,high blood pressure,0
0502,533-66-7217,40,66000,1,none,4
0353,035-41-3642,26,60000,1,none,7
0918,458-87-7868,37,93000,1,none,2
0599,150-64-5667,55,78000,1,high blood pressure,5
0492,871-51-2652,35,60000,1,high blood pressure,4
0859,538-44-3015,26,60000,1,none,3
0126,403-84-3272,21,50000,1,none,3
0986,161-82-7616,31,92000,0,none,0
0719,768-67-6535,58,50000,1,diabetes,7
0066,668-53-4645,57,70000,0,high blood pressure,0
0207,517-50-4382,58,85000,1,high blood pressure,7
0213,212-80-8330,26,90000,1,none,6
0368,041-67-5615,18,70000,0,none,0
0373,208-47-4031,52,81000,1,high blood pressure,3
0561,461-02-1008,47,64000,1,high blood pressure,6
0551,100-22-8364,53,56000,1,diabetes,6
0424,788-38-5287,37,94000,1,diabetes,5
0523,603-83-5228,18,79000,1,none,3
0055,486-75-6005,31,70000,1,high blood pressure,5
0316,762-16-8711,53,98000,1,asthma,6
0616,214-86-4305,20,97000,0,none,0
0387,073-15-5868,19,57000,1,asthma,7
0240,465-57-7768,36,87000,0,none,0
0155,048-84-2606,47,85000,0,high blood pressure,0
0098,155-51-3325,21,69000,1,none,5
0566,236-44-8646,19,91000,1,none,4
0574,468-08-1806,29,50000,1,asthma,5
0989,586-83-5426,49,60000,0,high blood pressure,0
0350,320-43-2313,34,66000,1,high blood pressure,4
0673,432-66-3821,21,51000,0,none,0
0291,683-68-4315,20,75000,0,none,0
0356,776-33-5416,45,60000,0,asthma,0
0560,152-58-4837,25,91000,0,asthma,0
0489,485-46-0023,36,65000,1,diabetes,7
0721,244-67-8874,57,58000,1,asthma,6
0730,647-60-1372,31,71000,1,none,4
0469,062-04-5236,42,43000,0,high blood pressure,0
0439,414-77-4520,31,97000,1,none,3
0379,040-51-4817,33,99000,1,high blood pressure,6
0917,866-54-5208,57,75000,1,high blood pressure,5
0188,481-80-2525,28,71000,0,high blood pressure,0
0658,057-57-0013,45,103000,0,none,0
0232,404-18-2576,53,84000,0,asthma,0
0831,263-28-4142,56,58000,0,diabetes,0
0741,320-38-3031,23,78000,0,none,0
0308,616-44-7241,29,92000,0,none,0
0358,437-31-5850,27,97000,0,asthma,0
0704,767-20-8427,56,72000,1,high blood pressure,5
0189,378-62-0751,56,82000,1,high blood pressure,5
0634,176-78-8288,29,81000,1,none,7
0312,877-16-4417,35,44000,1,asthma,3
0844,820-60-6675,52,45000,1,none,6
0961,870-74-7843,50,55000,1,high blood pressure,7
0401,578-40-0712,20,93000,1,none,3
0800,688-71-1677,54,95000,1,high blood pressure,7
0169,415-42-3878,55,73000,1,diabetes,5
0795,612-02-2115,26,54000,0,high blood pressure,0
0567,236-36-2381,38,85000,1,none,2
0254,638-06-3550,19,56000,0,none,0
0966,752-57-3800,45,75000,0,high blood pressure,0
0090,688-74-0246,57,57000,1,none,4
0802,123-06-8042,26,89000,0,none,0
0749,661-14-2067,41,88000,0,high blood pressure,0
0440,325-40-3627,31,70000,1,high blood pressure,7
0257,407-51-8126,26,74000,1,none,5
0100,274-07-7354,43,61000,1,high blood pressure,7
0744,068-76-7886,22,73000,1,diabetes,6
0884,138-34-2003,29,65000,1,none,3
0142,047-14-2351,32,71000,1,none,3
0047,231-45-3028,39,97000,0,none,0
0262,484-50-3348,38,76000,0,none,0
0506,338-46-8475,45,90000,0,high blood pressure,0
0029,370-08-0538,47,84000,1,diabetes,6
0136,750-82-3500,31,56000,0,none,0
0927,888-57-4526,30,87000,1,none,2
0118,880-64-2524,27,42000,1,high blood pressure,6
0383,882-70-8623,35,62000,0,none,0
0178,335-64-7430,33,82000,0,none,0
0305,607-38-4662,36,42000,0,none,0
0796,421-53-2407,54,47000,1,asthma,5
0218,868-71-2410,47,94000,1,none,3
0241,215-16-2380,36,60000,0,none,0
0671,812-15-7768,32,89000,1,diabetes,6
0650,328-02-7786,48,48000,1,diabetes,7
0571,835-65-5515,41,94000,0,high blood pressure,0
0504,624-16-3385,27,51000,1,none,4
0641,488-08-1601,40,46000,1,diabetes,3
0279,077-35-0218,20,85000,1,diabetes,6
0361,868-08-6582,40,45000,1,high blood pressure,7
0776,308-77-0425,47,90000,1,high blood pressure,5
0250,005-03-2637,32,50000,1,none,2
0059,070-88-2434,32,103000,1,diabetes,5
0678,883-31-1801,25,68000,1,high blood pressure,7
0256,347-16-8156,55,57000,1,diabetes,7
0546,512-67-6421,38,50000,1,none,7
0670,323-71-3117,52,69000,1,diabetes,6
0210,342-01-0233,18,100000,1,none,4
0012,223-01-1243,39,43000,1,none,2
0853,144-55-4117,35,53000,0,none,0
0971,161-63-7861,54,99000,1,asthma,7
0863,437-27-2705,44,66000,0,none,0
0903,562-06-1855,38,47000,1,high blood pressure,6
0854,821-51-4727,48,88000,1,high blood pressure,6
0864,314-82-6877,19,100000,0,asthma,0
0629,470-67-3438,43,97000,0,high blood pressure,0
0665,334-60-2553,42,48000,1,diabetes,6
0228,534-04-8658,28,49000,1,none,2
0394,765-53-8276,18,63000,1,none,5
0315,288-26-8164,55,64000,0,diabetes,0
0428,320-11-0481,25,101000,0,none,0
0371,536-17-0306,46,82000,0,diabetes,0
0705,851-22-7010,45,63000,0,none,0
0395,315-03-3846,54,98000,0,asthma,0
0406,716-77-2151,53,83000,0,high blood pressure,0
0648,312-18-1140,42,81000,1,diabetes,6
0473,428-56-8067,48,83000,1,asthma,6
0003,202-61-5273,42,63000,1,asthma,5
0494,325-70-2477,57,69000,1,high blood pressure,7
0764,451-32-6430,32,69000,1,none,3
0584,442-26-7565,55,97000,1,asthma,7
0043,247-00-5114,53,58000,1,diabetes,7
0045,354-08-7154,39,88000,0,none,0
0763,826-04-2728,47,57000,1,high blood pressure,5
0470,607-45-4257,41,88000,0,high blood pressure,0
0064,357-25-8674,32,48000,1,none,4
0505,150-02-4830,34,88000,1,none,4
0666,884-04-3815,18,69000,1,asthma,7
0226,041-37-0155,20,86000,0,none,0
0893,634-88-2701,30,44000,1,none,3
0797,312-80-7567,31,82000,0,none,0
0848,382-01-5811,18,87000,0,high blood pressure,0
0447,865-56-0751,21,91000,1,none,4
0874,226-66-8851,45,65000,1,diabetes,7
0400,781-78-7726,44,59000,0,none,0
0078,043-86-5388,30,100000,0,none,0
0880,216-35-3636,39,98000,1,none,2
0766,763-16-2482,29,93000,0,none,0
0324,808-40-8743,53,86000,0,none,0
0757,240-23-1257,33,69000,1,none,2
0423,884-08-2027,51,49000,1,diabetes,7
0963,164-73-5447,50,46000,0,high blood pressure,0
0173,725-22-0557,35,52000,0,none,0
0238,217-42-0123,45,81000,0,high blood pressure,0
0028,845-60-8633,38,96000,0,none,0
0110,760-21-1718,20,100000,1,none,4
0196,826-51-8343,56,98000,1,diabetes,6
0573,263-61-5817,49,95000,1,diabetes,7
0781,431-07-6330,42,69000,1,diabetes,6
0652,374-10-0866,25,83000,1,high blood pressure,7
0717,206-33-5886,55,68000,1,diabetes,6
0345,607-76-3780,37,103000,0,high blood pressure,0
0302,420-87-4831,29,82000,1,high blood pressure,7
0535,388-00-7212,29,55000,1,diabetes,7
0791,725-30-4276,56,88000,1,diabetes,6
0363,284-61-8381,45,99000,1,asthma,6
0635,625-71-0123,47,53000,1,diabetes,6
0511,027-14-3272,53,103000,1,diabetes,7
0412,415-22-5860,48,93000,1,asthma,6
0647,875-77-5664,35,42000,1,asthma,3
0592,742-60-0083,55,90000,1,asthma,6
0433,856-88-8136,27,42000,0,none,0
0934,601-67-5344,47,89000,1,diabetes,4
0731,755-55-5630,19,80000,0,none,0
0534,338-83-7748,57,58000,1,high blood pressure,4
0143,343-68-8152,27,70000,1,none,7
0436,654-45-0186,43,99000,1,none,2
0767,518-46-1088,26,92000,0,asthma,0
0898,575-24-5404,21,45000,0,none,0
0190,340-70-2620,41,57000,1,high blood pressure,4
0236,371-75-8750,20,83000,1,none,4
0471,273-46-7451,41,44000,1,high blood pressure,7
0735,730-43-3632,54,57000,0,high blood pressure,0
0075,305-10-5820,58,99000,1,high blood pressure,4
0263,603-32-5271,49,81000,1,high blood pressure,6
0119,486-36-8486,29,71000,1,asthma,6
0351,443-44-6482,55,71000,0,high blood pressure,0
0445,528-87-4171,43,86000,1,high blood pressure,7
0016,026-15-4240,18,95000,1,diabetes,7
0977,811-40-8857,57,45000,0,diabetes,0
0430,556-17-0700,26,56000,0,none,0
0166,368-18-6407,37,92000,1,none,2
0005,874-54-5677,37,68000,1,none,7
0857,725-42-1572,47,42000,1,asthma,7
0725,862-20-6221,56,48000,1,asthma,7
0102,527-50-0844,23,90000,0,high blood pressure,0
0779,026-57-5870,40,74000,0,asthma,0
0846,468-81-6021,47,56000,1,none,7
0913,501-22-5580,26,43000,1,none,4
0726,668-51-5056,40,87000,0,asthma,0
0810,010-73-5875,37,83000,1,none,2
0569,570-65-6077,19,67000,1,none,2
0790,237-75-2444,25,46000,0,none,0
0860,230-62-4866,57,97000,1,none,6
0910,601-58-4633,58,63000,1,asthma,4
0296,052-78-3587,53,85000,0,asthma,0
0397,611-55-1016,24,50000,0,none,0
0344,214-05-1283,38,51000,0,high blood pressure,0
0309,132-65-6653,30,96000,1,none,4
0425,242-77-4125,24,42000,1,none,4
0700,282-37-0846,39,61000,1,none,4
0460,776-54-1036,33,53000,1,none,4
0009,517-03-3030,44,101000,0,high blood pressure,0
0465,100-67-0247,45,95000,1,none,6
0752,380-50-3184,35,82000,1,diabetes,3
0866,275-36-8520,20,58000,1,diabetes,5
0022,676-30-3200,41,66000,1,high blood pressure,3
0456,331-24-3230,28,55000,0,none,0
0656,357-48-0165,39,81000,1,none,3
0707,222-17-4237,21,61000,1,none,3
0897,532-50-6274,40,87000,1,none,4
0306,443-21-1684,45,93000,1,asthma,6
0905,676-20-4650,35,88000,0,none,0
0964,204-63-1354,29,78000,1,none,7
0646,065-84-5847,46,79000,0,asthma,0
0736,242-53-1552,57,89000,1,diabetes,7
0170,045-71-6632,53,62000,1,diabetes,6
0041,735-32-6376,42,49000,1,diabetes,6
0959,454-80-7844,51,102000,1,diabetes,6
0139,114-35-6663,33,89000,1,none,5
0242,756-08-4075,35,84000,0,high blood pressure,0
0481,763-83-0405,55,101000,0,asthma,0
0140,280-17-2811,29,47000,0,none,0
0526,510-20-3516,44,55000,1,asthma,6
0202,873-03-8454,36,85000,1,high blood pressure,6
0264,680-60-2102,19,71000,0,diabetes,0
0870,563-70-7420,18,51000,1,asthma,3
0079,511-31-3116,36,89000,1,none,2
0751,568-84-4775,18,86000,0,none,0
0786,158-26-4812,32,53000,0,none,0
0418,410-75-0851,54,96000,0,asthma,0
0089,445-50-8624,58,53000,1,asthma,3
0044,536-46-0481,34,64000,0,none,0
0975,147-02-8041,55,100000,1,asthma,6
0339,701-57-2754,37,50000,0,none,0
0972,473-88-6065,29,60000,1,none,2
0153,236-40-1042,18,62000,0,none,0
0298,264-06-1152,56,98000,1,asthma,6
0611,018-37-5084,20,53000,1,none,5
0808,822-80-8113,40,89000,1,asthma,6
0463,268-55-7236,40,73000,1,asthma,3
0594,152-68-7162,44,93000,1,diabetes,3
0603,470-50-0388,51,86000,1,diabetes,5
0814,313-02-2867,34,47000,0,high blood pressure,0
0839,618-38-8758,46,77000,1,high blood pressure,6
0748,112-36-6643,42,68000,1,asthma,7
0909,404-77-5313,55,82000,1,high blood pressure,6
0765,576-04-0722,50,90000,0,none,0
0531,738-08-6532,45,93000,1,high blood pressure,4
0980,036-82-5123,22,102000,1,none,6
0158,556-75-7763,20,82000,0,none,0
0973,346-07-1230,28,59000,0,none,0
0325,018-46-3127,29,84000,0,none,0
0287,241-05-7752,52,84000,1,none,2
0579,784-35-4675,39,70000,1,none,4
0204,756-68-5786,21,69000,1,none,6
0632,582-20-1237,21,59000,1,none,4
0727,510-64-0070,41,60000,1,none,2
0063,813-20-0665,48,64000,1,asthma,5
0093,187-58-6367,18,74000,0,none,0
0837,175-86-6785,26,46000,0,diabetes,0
0459,373-87-8466,53,84000,1,asthma,6
0855,236-15-5258,54,88000,1,diabetes,7
0793,382-13-7582,58,61000,0,diabetes,0
0274,117-55-5222,36,75000,1,none,3
0065,364-52-0107,30,56000,0,none,0
0772,321-45-2815,20,80000,0,none,0
0253,641-86-3328,24,92000,0,diabetes,0
0881,365-16-4088,40,98000,1,asthma,7
0702,825-47-4027,29,95000,0,none,0
0685,007-14-1654,20,71000,0,none,0
0007,214-46-2211,38,58000,0,none,0
0076,118-55-6754,36,52000,0,none,0
0260,778-30-2556,38,68000,1,diabetes,5
0699,157-35-8147,56,101000,1,high blood pressure,7
0212,882-83-2217,28,73000,0,none,0
0393,006-81-7008,25,59000,0,none,0
0284,181-51-7268,20,82000,1,none,5
0071,181-75-0368,23,49000,0,none,0
0771,427-70-1105,23,103000,0,none,0
0677,160-30-0550,28,69000,0,high blood pressure,0
0882,824-78-0014,18,55000,0,high blood pressure,0
0341,452-64-0136,21,92000,0,none,0
0013,448-35-0438,31,48000,0,diabetes,0
0396,301-30-6818,21,93000,1,none,2
0211,511-48-2374,34,50000,1,none,2
0931,181-06-2857,23,96000,1,none,7
0834,784-16-3362,46,93000,0,diabetes,0
0112,473-27-4525,40,93000,1,diabetes,3
0122,548-18-7842,27,63000,1,asthma,5
0755,372-38-7615,37,45000,0,none,0
0775,520-24-4760,30,44000,1,none,5
0152,873-46-2470,56,85000,0,high blood pressure,0
0151,222-74-7085,58,45000,0,none,0
0738,403-81-0644,31,43000,1,diabetes,6
0619,367-17-8222,21,95000,1,none,2
0545,842-41-8357,31,59000,1,none,5
0807,121-22-5254,21,67000,1,none,2
0968,376-24-8431,36,46000,0,high blood pressure,0
0060,608-55-2645,49,87000,1,diabetes,5
0375,324-85-7634,24,96000,0,none,0
0392,808-85-0263,23,93000,0,none,0
0290,277-54-8701,23,55000,1,none,4
0701,474-22-6047,55,57000,1,diabetes,7
0133,285-07-5481,49,75000,0,asthma,0
0002,520-07-1581,30,98000,0,none,0
0585,261-68-5437,36,102000,1,high blood pressure,7
0813,047-64-2267,57,98000,1,none,4
0362,646-77-2012,51,61000,1,diabetes,7
0829,334-73-2554,19,89000,1,asthma,3
0798,636-28-7748,26,80000,1,none,5
0265,507-05-2478,51,52000,1,asthma,3
0319,531-23-0701,31,72000,0,asthma,0
0249,655-88-5110,31,60000,1,high blood pressure,6
0040,373-70-6846,44,76000,0,diabetes,0
0251,787-07-7715,30,52000,0,high blood pressure,0
0758,237-02-8836,39,63000,0,none,0
0311,747-11-0081,26,54000,0,none,0
0976,137-73-3260,19,62000,0,none,0
0422,532-08-2247,20,100000,1,diabetes,4
0722,533-35-8302,33,64000,0,none,0
0984,320-16-3242,50,98000,0,asthma,0
0194,004-05-0210,30,101000,0,none,0
0039,670-51-5302,18,57000,0,none,0
0230,682-21-4366,46,67000,0,diabetes,0
0713,863-41-8762,49,66000,1,diabetes,4
0331,458-13-8147,55,88000,1,asthma,7
0209,333-08-6051,19,48000,1,asthma,3
0753,276-50-5383,49,72000,1,diabetes,7
0283,072-05-4132,46,91000,1,diabetes,7
0052,758-28-0428,27,78000,0,asthma,0
0988,453-30-1755,26,99000,1,none,2
0732,022-32-3225,34,76000,0,high blood pressure,0
0018,886-82-3344,44,49000,1,high blood pressure,5
0405,088-70-5233,55,86000,1,high blood pressure,6
0197,303-08-2363,24,50000,0,none,0
0915,063-55-6416,57,86000,1,diabetes,6
0493,125-23-2325,24,80000,1,none,2
0706,643-33-2103,29,60000,0,asthma,0
0105,473-75-1423,47,70000,1,high blood pressure,7
0637,754-12-1383,45,91000,1,diabetes,3
0134,715-04-6671,18,76000,1,none,2
0280,320-44-6834,21,92000,1,diabetes,6
0778,346-72-6323,43,96000,1,asthma,7
0135,165-35-5240,24,56000,1,none,2
0777,350-66-4057,31,99000,1,none,3
0645,482-18-0841,56,72000,0,asthma,0
0092,360-01-5288,50,49000,1,asthma,5
0916,780-03-2102,50,69000,0,high blood pressure,0
0920,310-86-4126,57,59000,0,high blood pressure,0
0360,245-26-2853,32,65000,1,none,4
0346,438-81-0481,27,88000,0,none,0
0627,108-81-3640,44,74000,0,diabetes,0
0227,022-73-7048,30,76000,0,none,0
0883,171-50-2881,33,76000,0,none,0
0559,821-33-5607,47,59000,0,high blood pressure,0
0828,626-70-8037,37,80000,0,high blood pressure,0
0554,361-20-6064,21,86000,1,none,6
0037,714-34-0607,52,87000,1,asthma,7
0640,683-18-0867,35,57000,0,none,0
0161,440-47-1644,56,88000,0,diabetes,0
0180,514-02-8644,22,47000,0,none,0
0289,221-30-2335,22,42000,1,none,4
0020,115-53-1827,45,87000,1,high blood pressure,5
0672,200-16-4617,22,51000,1,none,3
0364,700-86-8023,46,50000,1,high blood pressure,7
0125,581-62-0715,46,57000,1,diabetes,6
0057,016-87-2210,41,79000,1,asthma,5
0572,072-06-0284,55,43000,1,high blood pressure,6
0268,051-32-0524,50,74000,1,diabetes,4
0115,487-47-2580,47,49000,0,diabetes,0
0930,210-32-2518,33,88000,1,none,3
0543,255-82-8813,46,54000,1,diabetes,3
0220,072-27-7750,19,97000,0,none,0
0827,447-70-5680,25,90000,1,none,7
0595,708-53-2241,40,81000,1,diabetes,6
0215,516-01-4385,32,79000,0,none,0
0270,238-54-3627,46,85000,1,high blood pressure,7
0443,222-84-6082,51,103000,1,asthma,5
0962,456-74-7754,27,59000,1,none,4
0762,704-64-4424,52,93000,0,high blood pressure,0
0365,332-51-0700,38,78000,0,asthma,0
0056,171-60-7128,56,78000,0,asthma,0
0821,663-42-0366,43,53000,0,diabetes,0
0570,225-82-2430,52,69000,1,none,2
0950,344-00-0315,55,65000,1,none,4
0192,174-61-3154,41,93000,1,high blood pressure,7
0836,535-22-3350,21,82000,1,none,4
0006,348-61-8221,44,51000,0,high blood pressure,0
0689,273-52-7642,45,60000,1,diabetes,7
0556,401-51-7504,47,68000,1,asthma,6
0850,680-20-8411,25,67000,0,high blood pressure,0
0480,842-51-2582,19,73000,0,asthma,0
0503,483-58-5843,34,59000,0,none,0
0269,510-54-5643,30,88000,1,none,6
0811,555-71-3521,27,99000,0,none,0
0414,841-83-4672,49,96000,1,asthma,6
0144,886-33-7680,42,84000,1,none,4
0600,502-87-2650,46,61000,1,high blood pressure,5
0633,310-26-3244,34,87000,0,asthma,0
0967,326-71-6638,30,99000,0,none,0
0415,316-02-2640,43,72000,1,diabetes,5
0674,704-78-4377,42,62000,0,high blood pressure,0
0691,032-76-6247,55,60000,1,asthma,3
0996,305-53-7285,55,93000,1,high blood pressure,3
0203,221-88-5654,44,102000,1,asthma,4
0467,541-07-4861,57,96000,1,high blood pressure,5
0077,355-00-2034,48,81000,0,diabetes,0
0879,133-27-3117,54,100000,1,high blood pressure,6
0486,427-21-1231,27,56000,1,asthma,5
0130,454-76-1686,33,43000,0,none,0
0514,808-63-7808,48,66000,1,none,3
0314,301-03-2702,21,95000,1,none,6
0711,460-23-6083,45,56000,1,diabetes,6
0067,325-37-4486,32,43000,0,none,0
0955,631-17-7552,40,42000,0,diabetes,0
0953,470-02-1584,42,76000,1,asthma,3
0282,088-57-2073,39,63000,1,none,2
0123,685-81-2865,58,83000,0,high blood pressure,0
0219,427-40-8777,55,66000,0,asthma,0
0946,356-13-0503,30,60000,1,none,2
0774,140-86-7463,28,94000,1,none,4
0001,483-27-2223,33,78000,0,none,0
0337,414-42-7800,37,42000,0,none,0
0621,804-71-6028,18,70000,1,none,5
0538,156-36-4610,36,92000,0,none,0
0062,621-42-4417,31,89000,0,none,0
0198,171-43-2266,55,55000,1,asthma,3
0734,027-18-6280,25,44000,1,none,7
0524,742-06-2265,25,82000,1,diabetes,5
0129,255-68-4373,58,85000,0,asthma,0
0074,814-83-1465,27,57000,0,none,0
0851,605-55-4151,46,49000,1,diabetes,6
0842,658-45-1828,52,81000,1,high blood pressure,7
0501,458-33-6522,54,44000,1,asthma,5
0301,427-28-0348,47,88000,1,diabetes,4
0668,352-63-7586,47,46000,1,high blood pressure,5
0995,761-55-4860,21,90000,1,high blood pressure,5
0606,551-00-3085,53,101000,1,none,4
0293,351-55-8022,29,45000,1,asthma,5
0649,323-74-2230,20,73000,0,none,0
0483,327-72-0044,29,92000,0,none,0
0474,312-14-6487,44,73000,1,asthma,6
0938,538-37-1822,18,43000,0,none,0
0669,135-43-2203,26,92000,1,none,6
0593,574-15-6811,35,99000,0,none,0
0708,772-77-7200,41,76000,1,asthma,6
0597,602-40-6373,48,53000,1,diabetes,3
0982,731-42-7117,20,42000,1,none,3
0958,606-11-6765,31,90000,0,none,0
0083,551-62-4312,21,55000,1,none,2
0431,318-57-6877,35,78000,0,asthma,0
0259,207-84-0707,55,91000,0,none,0
0894,207-67-1587,27,60000,0,none,0
0472,280-54-6740,39,103000,1,none,3
0806,827-17-1728,43,85000,1,asthma,6
0159,043-80-8507,26,79000,0,none,0
0128,857-05-0460,23,44000,1,none,3
0035,451-07-3023,53,71000,0,asthma,0
0769,184-24-8561,48,52000,1,asthma,7
0231,040-28-5560,50,51000,1,asthma,5
0111,383-47-3460,54,75000,1,high blood pressure,5
0026,606-48-4213,39,49000,1,diabetes,7
0815,180-32-6105,42,76000,1,high blood pressure,3
0662,645-78-5330,20,53000,0,none,0
0724,472-87-5853,52,99000,1,asthma,5
0832,242-54-2423,36,59000,0,high blood pressure,0
0709,862-53-0724,51,102000,1,asthma,6
0598,003-60-6802,23,103000,1,none,5
0272,603-57-1617,45,99000,1,asthma,7
0017,675-74-3054,24,88000,1,high blood pressure,7
0904,013-47-7334,44,85000,1,diabetes,7
0818,715-11-3647,41,86000,1,high blood pressure,5
0680,183-87-6480,48,43000,1,high blood pressure,6
0873,062-48-1322,45,46000,1,high blood pressure,7
0120,517-83-4556,41,80000,1,high blood pressure,7
0564,450-54-3511,26,60000,0,none,0
0960,410-36-7050,49,79000,1,diabetes,7
0205,661-81-4130,32,71000,1,none,3
0628,571-60-1402,39,87000,1,diabetes,7
0117,853-74-3361,25,44000,0,none,0
0085,207-32-6375,42,97000,1,diabetes,3
0106,764-77-7435,37,42000,0,none,0
0576,181-50-3858,46,59000,0,diabetes,0
0193,602-62-8483,44,85000,1,none,4
0608,237-77-2815,34,76000,0,diabetes,0
0149,761-78-5304,41,68000,0,high blood pressure,0
0663,858-63-4701,25,43000,0,high blood pressure,0
0792,842-43-1886,25,88000,1,asthma,6
0552,048-12-6330,39,69000,1,none,6
0985,741-00-1712,33,82000,1,none,3
0156,342-10-6840,19,76000,0,none,0
0244,114-24-5630,55,68000,0,diabetes,0
0049,121-32-0048,21,54000,1,none,2
0742,443-78-5623,22,88000,1,none,4
0176,377-25-7653,23,74000,1,none,3
0541,351-23-3060,39,98000,1,high blood pressure,3
0014,048-44-4816,51,78000,1,asthma,5
0509,808-35-5721,44,78000,1,diabetes,6
0562,071-14-2887,34,93000,0,none,0
0626,168-48-8403,53,103000,1,diabetes,7
0321,212-80-8003,42,71000,1,asthma,6
0338,284-25-5327,42,83000,1,diabetes,6
0327,655-51-1144,32,96000,0,asthma,0
0843,864-26-8546,52,83000,1,high blood pressure,5
0488,077-47-4361,23,42000,0,none,0
0442,222-48-1185,57,76000,1,high blood pressure,7
0374,043-03-7218,23,98000,1,none,4
0165,212-38-0385,22,81000,1,asthma,3
0101,867-88-5361,32,76000,1,none,4
0508,064-15-2382,50,102000,1,high blood pressure,4
0318,866-25-4120,55,55000,1,high blood pressure,6
0466,256-14-1105,41,91000,1,high blood pressure,6
0434,145-67-3260,49,43000,1,none,4
0479,462-12-1888,43,69000,0,asthma,0
0676,404-67-5658,36,99000,0,none,0
0087,784-55-8715,27,52000,1,none,4
0184,724-26-0325,37,66000,1,none,2
0720,252-54-2063,53,65000,0,diabetes,0
0073,282-71-0155,51,51000,1,high blood pressure,4
0770,751-23-7524,49,47000,1,high blood pressure,7
0919,662-36-4065,26,48000,0,none,0
0199,821-12-5131,35,42000,0,none,0
0549,414-56-3662,28,88000,0,none,0
0427,132-82-7145,56,74000,1,diabetes,5
0008,728-52-7225,48,43000,1,asthma,5
0892,032-88-8683,28,54000,0,none,0
0464,147-26-4676,30,58000,1,none,4
0235,888-88-6844,32,102000,0,none,0
0869,060-41-0074,36,60000,0,none,0
0297,137-30-2766,30,72000,0,none,0
0046,576-85-1646,45,93000,1,asthma,6
0181,714-28-1260,31,96000,1,asthma,5
0596,123-33-8042,27,93000,1,diabetes,6
0091,811-30-2274,24,64000,1,asthma,4
0944,010-40-6184,41,58000,1,high blood pressure,7
0352,544-20-8805,30,70000,0,none,0
0267,262-67-4107,47,57000,1,diabetes,4
0618,773-18-6408,37,66000,0,diabetes,0
0094,243-53-3261,51,81000,1,asthma,7
0651,523-24-4021,19,67000,0,none,0
0542,670-88-3578,49,94000,1,asthma,7
0485,270-10-7874,33,92000,0,none,0
0103,465-31-7525,48,45000,0,high blood pressure,0
0317,678-06-2370,54,102000,0,diabetes,0
0664,631-01-3224,36,99000,1,high blood pressure,4
0568,044-18-2763,44,49000,0,diabetes,0
0355,383-42-1400,32,78000,1,none,6
0935,206-34-4075,29,88000,0,none,0
0096,307-23-0681,40,43000,0,high blood pressure,0
0521,613-43-5142,56,91000,0,high blood pressure,0
0435,374-51-5828,35,45000,0,none,0
0540,732-14-8100,51,102000,0,high blood pressure,0
0099,223-23-6730,25,103000,0,none,0
0582,870-33-2658,51,72000,0,diabetes,0
0024,308-67-3803,51,48000,1,high blood pressure,6
0787,757-86-4435,49,101000,1,diabetes,6
0660,120-64-6841,51,43000,1,diabetes,3
0157,845-56-8256,21,46000,1,none,5
0097,286-26-2525,22,55000,1,none,6
0601,217-14-8154,50,55000,1,asthma,3
0080,026-61-0402,37,57000,0,none,0
0686,884-80-0557,25,53000,1,none,2
0614,513-40-6511,41,78000,1,asthma,6
0529,751-45-1671,41,53000,1,diabetes,5
0683,228-55-3611,35,59000,1,none,2
0983,300-46-6317,19,68000,0,none,0
0300,166-22-5206,56,89000,1,none,6
0871,617-78-7700,20,96000,0,none,0
0453,470-84-4677,30,83000,1,none,3
0997,380-50-5157,55,62000,1,diabetes,6
0925,651-74-2206,23,96000,1,diabetes,4
0553,148-48-5353,19,44000,0,high blood pressure,0
0048,255-14-4206,23,94000,0,none,0
0565,781-32-2074,32,50000,0,high blood pressure,0
0954,166-76-7558,49,57000,1,asthma,7
0548,284-10-7066,23,47000,0,none,0
0172,077-03-7704,38,91000,1,high blood pressure,7
0429,540-55-0387,55,53000,0,asthma,0
0899,478-56-8288,40,86000,1,high blood pressure,6
0294,484-02-0667,26,50000,0,none,0
0273,271-21-6703,56,102000,1,none,3
0949,565-26-1854,34,70000,1,none,7
0823,206-74-7782,39,72000,1,none,2
0729,340-85-5038,58,100000,1,diabetes,7
0690,020-12-7335,37,95000,1,none,4
0991,535-61-2554,29,61000,1,diabetes,6
0516,777-57-5070,28,43000,0,none,0
0737,717-25-3224,24,48000,1,none,6
0307,745-62-8713,35,86000,0,none,0
0342,625-58-8231,58,64000,1,none,4
0399,618-24-0043,56,103000,1,diabetes,7
0907,176-46-5578,45,78000,0,high blood pressure,0
0299,748-82-3177,29,64000,0,diabetes,0
0239,362-42-3836,53,93000,1,diabetes,7
0636,283-67-8070,20,86000,1,none,2
0840,053-05-6544,20,74000,0,none,0
0743,741-68-2388,20,55000,1,none,2
0462,285-67-8764,34,85000,0,asthma,0
0010,286-72-6737,19,70000,1,none,7
0404,088-17-4158,51,102000,1,diabetes,6
0487,635-50-8264,50,61000,1,none,2
0382,181-34-5466,20,69000,0,diabetes,0
0890,636-25-4557,52,65000,0,diabetes,0
0476,834-75-3355,27,86000,1,none,2
0349,525-01-4245,54,96000,1,diabetes,3
0051,242-38-0338,33,66000,0,none,0
0824,425-28-2047,30,84000,0,diabetes,0
0187,640-71-7850,40,75000,0,asthma,0
0038,050-44-2011,18,74000,1,asthma,6
0694,607-57-4510,55,53000,1,high blood pressure,5
0497,840-23-7385,27,96000,0,none,0
0258,822-33-0276,57,103000,1,diabetes,4
0861,615-27-3587,40,80000,1,diabetes,7
0876,528-66-2784,35,82000,0,none,0
0697,773-05-5386,28,54000,1,none,2
0695,103-44-2863,47,94000,0,none,0
0921,887-58-6180,47,94000,1,none,5
0794,512-82-1205,34,45000,0,none,0
0761,310-01-7285,18,82000,0,none,0
0923,748-74-8026,50,91000,1,none,4
0714,653-85-0866,32,84000,1,diabetes,6
0693,531-16-6723,18,98000,0,none,0
0929,745-67-4434,38,51000,1,none,7
0050,356-76-6650,27,74000,0,diabetes,0
0563,516-37-8427,39,71000,0,none,0
0154,247-71-1463,49,57000,1,diabetes,4
0783,288-36-8837,32,103000,0,none,0
0825,172-73-2287,38,43000,1,none,4
0179,224-34-3248,47,90000,1,asthma,6
0809,820-85-7110,19,47000,0,none,0
0589,732-20-0351,28,86000,0,asthma,0
0615,624-65-4213,20,56000,0,high blood pressure,0
0023,333-67-1287,32,89000,0,asthma,0
0684,600-87-1516,54,68000,1,diabetes,6
0146,862-41-4132,47,55000,1,none,2
0329,463-77-1267,56,54000,1,diabetes,7
0303,423-55-6151,33,46000,0,diabetes,0
0580,724-26-5403,57,62000,1,diabetes,3
0933,814-16-4012,20,61000,1,none,4
0805,436-88-8500,23,47000,0,diabetes,0
0340,528-68-6141,49,55000,1,asthma,7
0246,214-20-5528,58,75000,1,diabetes,7
0922,523-11-0635,45,42000,0,high blood pressure,0
0696,026-45-3435,51,86000,0,diabetes,0
0167,844-26-1516,47,67000,0,none,0
0402,867-58-8764,46,45000,0,diabetes,0
0586,467-57-3200,25,61000,1,none,4
0451,172-43-4016,48,64000,0,diabetes,0
0027,357-16-3223,42,86000,1,diabetes,6
0688,322-23-6407,56,49000,0,high blood pressure,0
0160,180-86-2875,50,100000,1,none,3
0979,307-32-6317,35,91000,1,none,3
0575,611-21-2502,51,58000,1,asthma,5
0513,104-68-3700,42,99000,0,none,0
0438,068-13-8487,20,82000,0,none,0
0862,257-14-3364,52,63000,1,high blood pressure,7
0581,128-86-7152,34,93000,1,none,7
0941,704-71-3627,25,61000,1,none,4
0682,642-37-5762,42,43000,0,high blood pressure,0
0661,423-68-4768,52,54000,1,high blood pressure,6
0547,284-08-7863,21,44000,1,none,2
0025,840-84-5646,32,97000,1,none,2
0216,784-86-3686,29,59000,0,none,0
0990,866-25-8384,26,65000,1,none,7
0728,881-45-5226,33,67000,1,none,5
0896,640-35-4260,38,73000,0,high blood pressure,0
0248,508-36-5785,55,62000,1,asthma,5
0407,006-88-3676,55,53000,1,high blood pressure,5
0993,066-51-4430,26,97000,1,none,7
0587,378-23-8432,21,68000,1,asthma,6
0475,830-42-7167,28,62000,0,none,0
0378,783-20-1283,45,83000,1,diabetes,5
0891,185-88-2503,40,63000,1,none,7
0086,818-72-2217,19,78000,1,none,2
0901,014-14-2417,49,71000,0,asthma,0
0082,611-42-6812,51,90000,1,high blood pressure,7
0072,366-31-7381,57,72000,1,high blood pressure,5
0081,065-10-5850,28,47000,0,high blood pressure,0
0222,271-40-6000,50,69000,1,diabetes,3
0333,603-85-7202,25,74000,1,high blood pressure,7
0468,346-48-0116,23,84000,1,none,4
0803,581-60-7010,55,63000,1,high blood pressure,7
0343,712-72-8455,50,49000,1,high blood pressure,7
0981,661-36-4546,29,75000,1,none,4
0906,643-75-3177,39,95000,0,high blood pressure,0
0698,825-05-8032,44,63000,1,diabetes,7
0058,664-05-2411,50,102000,1,diabetes,6
0527,610-04-8115,39,83000,1,none,2
0233,252-81-7007,44,54000,1,high blood pressure,5
0945,625-58-6513,34,62000,0,diabetes,0
0578,250-11-7267,37,47000,0,none,0
0277,615-82-0147,33,63000,1,none,7
0820,272-68-2573,43,101000,1,asthma,6
0107,430-22-3641,22,103000,1,diabetes,3
0577,774-55-7567,26,44000,1,none,6
0285,271-18-2413,55,75000,1,high blood pressure,4
0849,673-16-8785,29,69000,1,none,2
0746,064-58-4005,53,62000,0,high blood pressure,0
0326,471-15-2284,38,43000,1,none,6
0956,084-54-4530,23,52000,0,none,0
0624,408-66-3043,39,49000,0,none,0
0522,781-27-6031,56,50000,1,asthma,6
0147,707-84-2128,50,102000,1,high blood pressure,5
0759,022-52-7551,18,60000,0,none,0
0225,268-68-8783,45,45000,1,asthma,3
0760,762-51-5068,54,61000,1,high blood pressure,7
0607,045-37-3364,45,88000,1,asthma,5
0276,834-25-7815,52,83000,1,asthma,7
0969,725-65-5081,39,69000,0,high blood pressure,0
0940,448-55-4131,43,58000,1,high blood pressure,6
0168,745-71-2712,54,82000,1,high blood pressure,5
0437,518-85-0487,23,52000,1,none,2
0214,152-83-3055,41,89000,1,diabetes,5
0408,836-52-5284,18,47000,0,asthma,0
0659,025-24-4565,31,56000,0,none,0
0889,143-52-0681,36,76000,0,none,0
0773,545-88-5316,38,69000,1,high blood pressure,6
0419,805-85-2675,49,97000,1,high blood pressure,6
0384,876-05-3217,33,79000,0,none,0
0444,836-10-8360,18,53000,1,asthma,6
0835,756-67-4075,53,94000,0,none,0
0756,564-07-1020,33,70000,0,none,0
0525,747-65-0640,39,72000,1,none,2
0639,070-02-5884,18,90000,1,asthma,5
0380,587-07-7228,44,43000,1,asthma,5
0367,816-15-2686,43,85000,1,asthma,6
0819,356-51-1867,42,95000,1,high blood pressure,7
0381,321-05-2628,26,67000,0,none,0
0965,314-24-7427,55,85000,1,diabetes,3
0377,064-21-0565,48,100000,1,asthma,6
0174,205-05-8461,43,87000,1,asthma,6
0313,345-02-8738,47,82000,1,high blood pressure,6
0557,720-31-5864,43,73000,1,diabetes,6
0042,077-51-1611,19,92000,0,diabetes,0
0281,061-87-1824,29,102000,1,asthma,4
0359,254-07-1080,33,90000,0,none,0
0895,147-68-4551,45,74000,1,high blood pressure,5
0237,574-48-1713,34,48000,1,high blood pressure,7
0131,377-86-6032,50,81000,0,high blood pressure,0
0591,254-33-8530,32,59000,1,none,4
0943,573-51-2330,22,86000,1,none,2
0454,574-48-6323,44,53000,1,diabetes,7
0999,548-85-0033,54,101000,1,diabetes,6
0888,600-05-0435,38,77000,0,diabetes,0
0461,452-75-6672,18,48000,1,high blood pressure,6
0939,372-62-7057,25,61000,1,none,7
0245,037-18-8368,33,56000,0,none,0
0191,235-38-3178,42,84000,0,high blood pressure,0
0625,762-12-2851,48,93000,1,asthma,5
0865,174-62-3018,38,65000,1,none,2
0370,566-02-4018,21,65000,0,diabetes,0
0116,637-84-7637,55,66000,1,asthma,6
0108,342-75-1252,50,97000,1,asthma,6
0482,535-66-0443,31,46000,0,none,0
0452,040-13-1502,56,75000,1,asthma,5
0109,628-54-7330,38,80000,0,none,0
0477,344-17-7520,18,69000,0,high blood pressure,0
0224,741-61-8537,32,52000,0,none,0
0182,550-73-4040,20,44000,0,none,0
0034,845-33-1781,33,62000,1,diabetes,7
0703,415-57-6521,28,69000,0,none,0
0687,200-70-4261,33,74000,0,diabetes,0
0799,020-77-6543,19,92000,1,none,3
0558,832-52-6077,44,82000,1,diabetes,3
0019,273-17-0574,28,88000,1,none,3
0948,087-21-3834,50,74000,0,high blood pressure,0
0185,241-83-2161,39,50000,0,none,0
0030,653-04-8072,38,59000,1,diabetes,7
0833,363-43-7755,42,59000,0,high blood pressure,0
0127,881-76-1344,52,66000,0,asthma,0
0675,226-14-2212,39,92000,1,none,5
0417,001-18-5753,37,46000,0,none,0
0801,658-88-0275,51,81000,1,diabetes,3
0875,664-07-8080,53,69000,1,high blood pressure,7
0970,364-16-8605,22,47000,1,none,5
0286,338-88-3337,35,78000,0,high blood pressure,0
0320,721-50-3574,31,100000,0,none,0
0620,610-31-8332,46,84000,1,asthma,7
0847,741-57-2457,19,90000,0,none,0
0517,854-40-4134,21,79000,0,asthma,0
0710,211-45-1452,18,68000,0,none,0
0817,283-50-0134,37,78000,0,high blood pressure,0
0385,242-45-0178,43,78000,1,none,2
0446,138-30-4183,43,66000,0,diabetes,0
0932,413-03-2714,42,102000,1,none,2
0588,062-76-3572,24,55000,1,high blood pressure,4
0994,758-48-1527,45,53000,0,diabetes,0
0679,780-50-5434,54,57000,0,diabetes,0
0653,017-34-2408,21,73000,0,high blood pressure,0
0416,277-42-6204,24,92000,0,high blood pressure,0
0163,603-64-2163,52,81000,1,high blood pressure,6
0712,524-42-4686,52,50000,1,asthma,7
0420,245-70-4703,53,74000,1,diabetes,3
0141,013-51-1811,35,81000,1,diabetes,4
0138,188-40-8755,39,89000,1,none,7
0617,346-87-3164,24,79000,1,none,2
0490,475-02-4216,36,92000,0,high blood pressure,0
0789,345-51-3368,55,61000,0,diabetes,0
0208,881-32-3377,24,54000,1,none,5
0069,525-72-3840,21,72000,0,none,0
0858,241-51-2586,55,66000,0,none,0
0655,456-70-3847,21,91000,1,none,4
0295,001-40-0382,54,46000,0,diabetes,0
0070,843-34-7184,28,92000,0,high blood pressure,0
0500,488-48-3084,30,60000,0,none,0
0530,130-41-0533,40,82000,1,diabetes,7
0247,537-62-7845,23,84000,0,none,0
0150,262-22-7548,20,59000,1,none,3
0822,352-64-1853,33,94000,0,none,0
0266,553-53-0271,24,94000,0,none,0
0334,635-31-7274,56,71000,1,high blood pressure,6
0015,712-73-3805,23,80000,0,high blood pressure,0
0750,652-80-8676,23,65000,0,none,0
0992,436-87-0818,26,47000,0,none,0
0544,076-18-2062,19,63000,1,none,5
0951,264-57-2601,26,70000,0,none,0
0974,244-50-1580,53,45000,1,high blood pressure,3
0145,000-35-7815,55,99000,1,asthma,4
0532,453-03-2773,24,59000,1,high blood pressure,6
0510,026-47-7572,56,86000,1,diabetes,7
0733,467-26-5888,47,96000,1,diabetes,6
0271,280-11-2056,48,53000,1,asthma,6
0642,056-62-7527,43,47000,1,asthma,6
0900,744-45-7385,33,80000,1,none,7
0886,124-34-8208,19,93000,1,none,2
0217,300-01-5162,55,84000,1,asthma,7
0740,773-70-8355,56,53000,0,asthma,0
0498,051-34-0686,51,81000,1,high blood pressure,6
0583,685-71-0400,48,74000,1,high blood pressure,7
0310,622-02-4314,36,91000,1,none,6
0518,865-08-0551,42,46000,1,high blood pressure,7
0519,070-36-8572,32,50000,0,diabetes,0
0605,346-13-1470,37,42000,1,diabetes,4
0088,424-18-6176,48,42000,1,high blood pressure,4
0278,632-44-8727,53,91000,0,asthma,0
0478,248-27-6601,24,48000,0,none,0
0914,511-36-0022,37,61000,0,high blood pressure,0
0432,203-42-0438,27,100000,0,none,0
0032,805-36-5581,40,98000,0,high blood pressure,0
0911,841-00-2581,45,97000,1,high blood pressure,4
0537,868-00-2427,51,82000,1,asthma,7
0450,741-13-7531,43,86000,1,high blood pressure,5
0004,631-15-7472,49,90000,1,diabetes,6
0410,362-87-0121,47,52000,1,diabetes,7
0347,233-88-2700,51,54000,1,diabetes,5
0411,232-88-1400,30,50000,0,none,0
0148,738-66-2338,26,87000,1,none,6
0496,205-26-5733,29,55000,0,none,0
0852,570-28-6676,37,42000,0,none,0
0095,771-65-3032,20,61000,0,none,0
0623,471-53-1427,42,88000,1,diabetes,5
0612,668-24-1854,26,48000,1,high blood pressure,5
0887,042-70-2354,33,68000,0,high blood pressure,0
0372,161-13-4123,53,64000,1,diabetes,5
0780,384-51-8738,30,50000,1,none,2
0162,325-41-7785,21,91000,0,none,0
0403,131-38-0866,31,70000,1,none,4
0398,838-82-7241,20,47000,1,none,2
0868,341-43-0015,22,98000,0,diabetes,0
0942,720-36-6441,38,93000,0,none,0
0114,000-60-7855,43,54000,0,asthma,0
0878,626-48-1827,20,65000,1,none,2
0631,453-33-3833,28,53000,0,none,0
0856,588-40-6236,50,81000,1,high blood pressure,7
0782,000-62-0045,38,91000,0,none,0
0555,182-80-5670,58,68000,0,asthma,0
0261,675-51-6848,25,54000,1,none,3
0053,121-26-4163,44,79000,1,diabetes,6
0195,040-15-1315,45,82000,1,diabetes,5
0252,602-85-5034,19,51000,0,none,0
0816,640-74-2640,35,83000,1,none,3
0654,213-83-5013,28,64000,1,none,2
0390,026-27-0882,45,44000,1,asthma,7
0054,716-20-6217,26,96000,0,none,0
0449,321-65-8344,23,53000,0,none,0
0681,075-00-5225,41,95000,0,diabetes,0
0357,568-17-8721,46,51000,1,high blood pressure,7
0507,388-45-0340,57,42000,1,high blood pressure,6
0715,201-76-3465,32,67000,1,none,2
0177,126-20-8312,37,42000,0,none,0
0550,147-15-7273,39,61000,1,none,2
0539,276-48-3271,52,64000,1,high blood pressure,3
0947,511-61-7840,44,102000,1,high blood pressure,5
0590,653-28-4377,28,102000,1,none,5
0124,056-64-8521,18,48000,1,none,2
0031,670-74-7554,52,65000,1,high blood pressure,6
0912,012-44-8848,37,75000,1,none,3
0718,745-12-2233,35,69000,1,high blood pressure,7
0928,658-57-6305,48,58000,0,high blood pressure,0
0902,670-23-8863,40,50000,0,asthma,0
0033,025-40-2758,38,50000,0,high blood pressure,0
0061,001-03-7460,50,89000,1,high blood pressure,7
0243,013-63-3142,40,78000,1,none,4
0068,375-54-6310,53,79000,1,none,6
0322,083-53-7552,37,71000,1,asthma,6
0113,776-48-6880,52,57000,1,asthma,6
0867,547-26-1511,33,90000,0,none,0
0936,353-76-7007,35,56000,0,none,0
0804,414-86-0772,38,88000,0,none,0
0745,747-76-6817,38,98000,0,none,0
